sentence_id	sentence	simplification_expert_1	simplification_expert_2	simplification_expert_3	simplification_expert_4
cefc-cfpb-1000-5-584	mais mais	mais	mais	mais	mais
cefc-cfpb-1000-5-585	depuis un certain temps	depuis longtemps	depuis longtemps	depuis un certain temps	depuis un peu de temps
cefc-cfpb-1000-5-586	depuis qu' il y a eu la la la guerre entre les Louvanistes et les Bruxellois	depuis la guerre entre les personnes venant de Louvain et Bruxelles	depuis la guerre entre Louvain et Bruxelles	depuis la guerre entre les habitants de Louvain et de Bruxelles	depuis la guerre entre les habitants de Louvain et les habitants de Bruxelles
cefc-cfpb-1000-5-587	et alors en fait c' est euh ils ont les Bruxellois ont chassé les Hol les les les les Hollandais de de Bruxelles	les Bruxellois ont chassé les Hollandais de Bruxelles	les Bruxellois ont chassé les Hollandais de Bruxelles	En fait, les Bruxellois ont chassé les Hollandais de Bruxelles	en fait, les habitants de Bruxelles ont fait que les les Hollandais partent de Bruxelles
cefc-cfpb-1000-5-588	et à partir de ce moment-là ils ont dit voilà on plante un arbre toutes ces jou t tous ces jours-là	depuis ce moment, ils ont dit qu'ils planteraient un arbre tous les jours	et depuis ils plantent un arbre à cette date	à partir de ce moment-là, ils ont dit qu'ils planteraient un arbre chaque année à la même date	et à partir de ce moment-là, ils ont dit on plante un arbre le jour du départ des Hollandais
cefc-cfpb-1000-5-589	et si on ne le prend pas euh entre les Louvanistes et les Bruxellois pardon et si on ne le prend plante pas avant cinq heures l' arbre revient à Louvain or ça n ça ne enfin ça fait des années que ça se passe	si on ne le plante pas avant cinq heures, l'arbre reviendra à Louvain, c'est comme cela depuis des années	et si on ne le plante pas avant cinq heures, l'arbre revient à Louvain. ça fait des années que ça se passe	si on ne le plante pas avant cinq heures, l'arbre revient à Louvain. ça fait des année que ça se passe comme ça	Et si on ne le plante pas avant cinq heures, l'arbre revient à Louvain. Cela fait des années que cela se passe comme cela.
cefc-cfpb-1000-5-590	et forcément on s' arrange toujours pour que	et on fait toujours en sorte que	et forcément on s'arrange toujours pour que	on s'arrange toujours pour	On s'arrange toujours pour que
cefc-cfpb-1000-5-591	l' arbre soit planté même le le jour de l' anniversai de la mort du roi Baudouin ou la semaine de de la mort du roi Baudouin l' arbre a été placé	l'arbre soit planté le jour ou la semaine de l'anniversaire de la mort du roi Baudoin	l'arbre soit planté. Même le jour de l'anniversaire de la mort du roi Baudouin ou la semaine où il est mort, l'arbre a été placé	planter l'arbre, même la semaine après la mort du roi Baudoin, l'arbre a été planté	l'arbre soit planté même le jour de l'anniversaire de la mort du roi Baudoin ou la semaine du jour de la mort du roi Baudoin
cefc-cfpb-1000-5-592	il y a pas eu la fête qu' il y avait	il n'y a pas eu la fête	il n'y a pas eu la fête	il n'y a pas eu de fête	Il n'y a pas eu la fête qu'il y avait
cefc-cfpb-1000-5-593	mais on a planté l' arbre	mais on a planté l'arbre	mais on a planté l'arbre	mais on a planté l'arbre	mais on a planté l'arbre
cefc-cfpb-1083-3A-286	je vais quand même pas te dire que j' adore le caviar hein rigoler quand même hein	je ne vais pas te dire que j'adore le caviar, je rigole	je vais pas te dire que j'adore le caviar	je ne vais pas dire que j'adore le caviar	Je ne dis pas que j'adore le caviar ou que j'aime la cuisine de luxe
cefc-cfpb-1083-3A-287	non	non	non	non	non
cefc-cfpb-1083-3A-288	mais par exemple moi moi tu vois j' ad	moi par exemple	mais moi	mais tu vois, par exemple	mais par exemple, tu vois, moi,
cefc-cfpb-1083-3A-289	j' a j' aime bien cuisiner	j'aime bien cuisiner	j'aime bien cuisiner	j'aime bien cuisiner	j'aime bien cuisiner
cefc-cfpb-1083-3A-290	mais je préfère cuisiner la pâtisserie	mais je préfère cuisiner la pâtisserie	mais je préfère la pâtisserie	je préfère la cuisine à la pâtisserie	mais je préfère faire de la pâtisserie
cefc-cfpb-1083-3A-291	moi j' aime bien la bonne cuisine italienne pour autant que c' est pas des spaghettis bolognaises	j'aime bien la bonne cuisine italienne sauf les spaghettis bolognaises	j'aime bien la bonne cuisine italienne, mais pas les spaghettis bolognaises	j'aime bien la bonne cuisine italienne, sauf les spaghettis bolognaise	j'aime bien la bonne cuisine italienne, si ce n'est pas des spaghettis bolognaises
cefc-cfpb-1083-3A-292	ouais oui ça	oui ça	oui	oui	oui, ça
cefc-cfpb-1083-3A-293	parce que ça c' est typiquement belge ce truc	parce que c'est belge ça	parce que ça c'est typiquement belge	parce que c'est typiquement belge	parce que c'est belge, ça
cefc-cfpb-1083-3A-294	c' est vrai et quoi comme recette italienne	c'est vrai et quelle recette italienne	c'est vrai et quoi comme recette italienne	c'est vrai, quelle recette italienne ?	c'est vrai. Et comme recette italienne
cefc-cfpb-1083-3A-295	alors	alors	alors	alors	alors
cefc-cfpp-Laurence_Leblond_F_43_Stephanie_Zanotti_F_49_7e-2-36	ah oui	ah oui	oui	oui	ah, oui
cefc-cfpp-Laurence_Leblond_F_43_Stephanie_Zanotti_F_49_7e-2-37	ça d' ailleurs bon	d'ailleurs	ça	ça	ça, d'ailleurs,
cefc-cfpp-Laurence_Leblond_F_43_Stephanie_Zanotti_F_49_7e-2-38	beaucoup de gens s' en plaignent hein	beaucoup de gens s'en plaignent	beaucoup de gens s'en plaignent	beaucoup de gens se plaignent de ça	beaucoup de gens se plaignent de ça
cefc-cfpp-Laurence_Leblond_F_43_Stephanie_Zanotti_F_49_7e-2-39	c' est malheureux parce que on a une association des commerçants de l' arrondissement qui est très active euh avec les artisans	c'est dommage car l'association des commerçants de l'arrondissement est très active avec les artisans	c'est malheureux parce qu'on a une association des commerçants de l'arrondissement qui est très active avec les artisans	C'est dommage, parce qu'on a une associations de commerçants de l'arrondissement qui est très active avec les artisans	C'est triste, parce qu'il y a une association des vendeurs du quartier qui fait beaucoup de choses avec les artisans
cefc-cfpp-Laurence_Leblond_F_43_Stephanie_Zanotti_F_49_7e-2-40	enfin vous voyez tous ces commerces là qui font beaucoup d' activités	ces commerces très actifs	vous voyez tous ces commerces là qui font beaucoup d'activités	vous voyez, des commerçants qui organisent beaucoup d'activités	enfin, vous voyez, ces commerces-là qui font beaucoup d'activités
cefc-cfpp-Laurence_Leblond_F_43_Stephanie_Zanotti_F_49_7e-2-41	notamment ils font une activité enfin une manifestation tous les ans qui s' appelle les sept jours du septième	ils font par exemple une manifestation tous les ans, elle s'appelle les sept jours du septième	par exemple ils font une manifestation tous les ans qui s'appelle les sept jours du septième	ils organisent chaque année une manifestation qui s'appelle les sept jours du septième	Ils font notamment une manifestation chaque année qui s'appelle les sept jours du septième
cefc-cfpp-Laurence_Leblond_F_43_Stephanie_Zanotti_F_49_7e-2-42	et donc il y a beaucoup d' animations dans les chez les commerçants euh	il y a beaucoup d'animations chez les commerçants	et il y a beaucoup d'animations chez les commerçants	il y a donc beaucoup d'animations chez les commerçants	Et il y a beaucoup d'activités chez les commerçants
cefc-cfpp-Laurence_Leblond_F_43_Stephanie_Zanotti_F_49_7e-2-43	ils organisent des une promenade en vélo pendant enfin	Ils organisent une promenade en vélo	ils y organisent une promenade en vélo	ils organisent une promenade à vélo	ils organisent un tour en vélo
cefc-cfpp-Laurence_Leblond_F_43_Stephanie_Zanotti_F_49_7e-2-44	moi je parle de ça parce que c' est la seule fois où je fais du vélo dans Paris	J'en parle parce que c'est la seule fois que je fais du vélo à Paris	j'en parle parce que c'est la seule fois où je fais du vélo dans Paris	j'en parle parce que c'est la seule fois où je fais du vélo dans Paris	moi je parle de ça, parce que c'est la seule fois où je fais du vélo à Paris.
cefc-cfpp-Laurence_Leblond_F_43_Stephanie_Zanotti_F_49_7e-2-45	justement je trouve ça très bien euh	je trouve ça très bien	je trouve ça très bien	je trouve ça très bien	Justement, je trouve ça très bien, euh.
cefc-cfpp-Yvette_Audin_F_70_7e-1411	si vous voulez on voit très bien	on voit très bien	on voit très bien	si vous voulez on voit très bien	on voit très bien
cefc-cfpp-Yvette_Audin_F_70_7e-1412	puisque il y a un il y a une grande école	parce qu'il y a une grande école	puisqu'il y a une grande école	il y a une grande école	Parce qu'il y a une grande école
cefc-cfpp-Yvette_Audin_F_70_7e-1413	enfin il y a une école un peu plus haut là	il y a une école un peu plus haut	il y a une école un peu plus haut	il y a une école un peu plus haut	enfin, il y a une école un peu plus haut
cefc-cfpp-Yvette_Audin_F_70_7e-1414	rue de l' abbé Grégoire qui est l' école de la rue Jean Ferrandi où il y a deux mille élèves	rue de l'abbé Grégoire, il y a l'école de la rue Jean Ferrandi avec deux mille élèves	à la rue de l'abbé Grégoire qui est l'école de la rue Jean Ferrandi. il y a deux mille élèves.	rue de l'Abbé Grégoire, c'est l'école de la rue Jean Ferrandi, il y a deux mille élèves	dans la rue de l'abbé Grégoire. C'est l'école de la rue Jean Ferrandi où il y a deux mille élèves
cefc-cfpp-Yvette_Audin_F_70_7e-1415	et ce sont des élèves qui ça va depuis euh le CAP de boucherie jusqu' au chef euh au chef de restaurant	ça va du CAP boucherie jusqu'au chef de restaurant	des élèves sont là pour différentes formations du CAP de boucherie au chef de restaurant	ça va du CAP boucherie jusqu'au chef de restaurant	c'est des élèves de plusieurs niveaux, ils peuvent faire un apprentissage pour devenir boucher, mais ils peuvent aussi apprendre à être chef de restaurant.
cefc-cfpp-Yvette_Audin_F_70_7e-1416	ça c' est la gamine qu' on a entendue parler	la gamine a entendu parler de ça	ça c'est la gamine qu'on a entendue parler	c'est la fille qu'on a entendue parler	on a entendu parler de cette fille
cefc-cfpp-Yvette_Audin_F_70_7e-1417	ben oui	oui	oui	oui	oui
cefc-cfpp-Yvette_Audin_F_70_7e-1418	et qui sont en fait	et qui sont en fait	et qui sont	qui sont en fait	et qui sont
cefc-cfpp-Yvette_Audin_F_70_7e-1419	alors il y a euh ben ils sont très souvent dehors euh devant l' école	ils sont très souvent dehors devant l'école	ils sont très souvent dehors devant l'école	ils sont très souvent dehors, devant l'école	alors, ils sont très souvent devant l'école
cefc-cfpp-Yvette_Audin_F_70_7e-1420	et cetera	et cetera	et cetera	et cetera	et cetera
cefc-clapi-aperitif_glasgow-1610	et les enfants ils étaient trop contents de me voir et tout	les enfants étaient très contents de me voir	et les enfants étaient très contents de me voir	les enfants étaient trop contents de me voir	et les enfants étaient très contents de me voir, vraiment
cefc-clapi-aperitif_glasgow-1611	c' était trop bien	c'était très bien	c'était super	c'était trop bien	c'était trop bien
cefc-clapi-aperitif_glasgow-1612	on a passé un bon moment	on a passé un bon moment	on a passé un bon moment	on a passé un bon moment	on a passé un moment sympathique
cefc-clapi-aperitif_glasgow-1613	voilà mais euh pf je sais pas si je vais y retourner en juillet	je ne sais pas si je vais y retourner en juillet	mais je ne sais pas si je vais y retourner en juillet	mais je ne sais pas si je vais y retourner en juiller	Je ne sais pas si je vais retourner là-bas en juillet
cefc-clapi-aperitif_glasgow-1614	ah oui c' est vrai qu' ils t' avaient proposé	ils te l'avaient proposé	oui c'est vrai qu'ils t'avaient proposé	c'est vrai qu'ils t'avaient proposé	ah oui, c'est vrai que ces personnes t'avaient proposé de retourner là-bas
cefc-clapi-aperitif_glasgow-1615	je sais pas ça dépendra	je ne sais pas, ça dépendra	je ne sais pas. ça dépendra	je ne sais pas encore	je ne sais pas, ça dependra
cefc-clapi-aperitif_glasgow-1616	hm déjà euh je vais bien finir mon mémoire et caetera	je vais d'abord finir mon mémoire	je vais déjà finir mon mémoire et caetera	je vais d'abord finir mon mémoire	je vais déjà finir mon travail de fin d'études
cefc-clapi-aperitif_glasgow-1617	donc euh	donc	donc	donc	donc, euh
cefc-clapi-aperitif_glasgow-1618	je pourrai	je pourrai	je pourrai	je  pourrai	je pourrai
cefc-clapi-aperitif_glasgow-1619	ouais tu dois le rendre quand ton mémoire	quand est-ce que tu dois rendre ton mémoire	tu dois le rendre quand ton mémoire ?	tu dois rendre ton mémoire quand ?	tu dois le rendre quand ton mémoire ?
cefc-clapi-repas_epinards-76	oui ben faudra le mettre dans ma chambre parce que j' ai aucun lit place	il faudra le mettre dans ma chambre parce que je n'ai pas de lit	il faudra le mettre dans ma chambre parce que j'ai aucun lit place	oui, il faudra le mettre dans ma chambre, parce que je n'ai qu'un lit une place	Il faudra le mettre dans ma chambre
cefc-clapi-repas_epinards-77	parce que moi le lit je pensais le mettre	je pensais mettre le lit	le lit je pensais le mettre	parce que je pensais mettre le lit	je pensais mettre le lit
cefc-clapi-repas_epinards-78	euh ça fera qu' un truc vide si je mets mon petit lit dans toute la pièce	si je mets mon petit lit au milieu de la pièce, ça fera du vide	ça fera un vide si je mets mon petit lit dans toute la pièce	ça fera vide si je mets mon petit lit dans la pièce	[je ne comprends pas la phrase]
cefc-clapi-repas_epinards-79	je pensais le mettre contre le mur euh de la fenêtre	je pensais le mettre contre le mur de la fenêtre	je pensais le mettre contre le mur de la fenêtre	je pensais le mettre contre le mur où il y a le fenêtre	mon idée, c'est de mettre le lit contre le mur où il y a une fenêtre
cefc-clapi-repas_epinards-80	ben non tu pourras pas vu qu' il y a le radiateur	tu ne pourras pas vu qu'il y a le radiateur	non, tu ne pourras pas avec le radiateur	tu ne pourras pas car il y a le radiateur	non, tu ne peux pas, il y a le radiateur
cefc-clapi-repas_epinards-81	tu mettras euh on va faire un plan	on va faire un plan	on va faire un plan	on va faire un plan	tu peux mettre... on va faire un plan
cefc-clapi-repas_epinards-82	hum hum	hum	ok	hum	d'accord
cefc-clapi-repas_epinards-83	ouais faut que tu fais un plan	il faut faire un plan	ouais, il faut que tu fasses un plan	oui, il faut que tu fasse un plan	oui, tu fais un plan
cefc-clapi-repas_epinards-84	puis tu mets des petits objets	et tu mets des petits objets	et après tu mets des petits objets	et tu mets des petits objets	tu mets des petits objets
cefc-clapi-repas_epinards-85	tu regardes un plan comme moi j' aimerais oui hum tu prends la dimension de la pièce	tu prends la dimension de la pièce pour faire un plan	tu regardes un plan comme moi j'aimerais et tu prends la dimension de la pièce	tu regardes un plan comme j'aimerais, tu prends la dimension de la pièce	tu mesures la taille de la pièce
cefc-coralrom-ffammn28-96	ce qu' on aurait fait	ce qu'on aurait fait	ce qu'on aurait fait	ce qu'on aurait fait	ce qu'on aurait fait
cefc-coralrom-ffammn28-97	si si on avait eu uniquement nos adhérents propres à euh de notre équipement euh	si on avait eu uniquement les adhérents propres à notre équipement	si on avait eu uniquement les adhérents de notre équipement	Si on avait eu uniquement nos adhérents et notre équipement	si on avait eu uniquement nos membres
cefc-coralrom-ffammn28-98	voilà mais on le fait évidemment euh	évidemment on le fait	mais on le fait évidemment	mais on le fait évidemment	mais, bien sûr, on le fait
cefc-coralrom-ffammn28-99	on travaille beaucoup en étroite relation	on collabore beaucoup	on travaille beaucoup en étroite relation	on travaille en étroite collaboration	on collabore
cefc-coralrom-ffammn28-100	on a une réunion très régulière	on a une réunion très régulière	on a une réunion régulièrement	on fait une réunion régulièrement	on se voit souvent
cefc-coralrom-ffammn28-101	pratiquement une	pratiquement une	une	presque une	presqu'une fois
cefc-coralrom-ffammn28-102	par mois euh sinon plus pour euh tout ce qui est projet euh de en commun de séjours vacances de de centre aéré de de fête de réunion de de d' évènementiel on travaille toujours en en équipe	par mois et on travaille toujours en équipe pour les projets de séjours de vacances en centre aéré, de fête, de réunion ou d'événementiel	par mois, parfois plus, pour parler du projet en commun, de séjours de vacances, de centre aéré, de fête, de réunion, et d'évènementiel. On travaille toujours en équipe	par mois, et plus pour les projets communs de séjours de vacances, de centre aéré, de fêtes, de réunions ou d'événements. On travaille toujours en équipe	par mois, et plus pour ce qui concerne les projets communs, par exemple de séjours de vacances, de fêtes de réunion
cefc-coralrom-ffammn28-103	et aussi euh ici particulièrement on est dans une situation où il y a euh d' autres équipements	ici, en particulier, il y a d'autres équipements	et ici particulièrement on est dans une situation où il y a d'autres équipements	ici aussi on est dans une situation où il y a d'autres équipements	et aussi s'il y a d'autres équipements
cefc-coralrom-ffammn28-104	tth	tth	tth	tth	tth
cefc-coralrom-ffammn28-105	à caractère euh socio culturel euh	socio-culturels	socio-culturel	socio-culturel	qui sont sociaux ou culturels
cefc-coralrom-fnatla01-263	mais vous n' avez pas ouvert	mais vous n'avez pas ouvert	mais vous n'avez pas ouvert	mais vous n'avez pas ouvert	mais vous n'avez pas ouvert
cefc-coralrom-fnatla01-264	il a fallu que les inspecteurs de police réitèrent leur sonnerie de six heures quarante-cinq à huit heures dix sans succès	Les inspecteurs de police ont sonné à nouveau entre six heure quarante-cinq et huit heures. Cela n'a servi à rien.	les inspecteurs de police on dû sonner de 6h45 à 8h10 sans réussir	les policiers ont été obligés de sonner de six heures quarante-cinq à huit heures dix, sans succès	les inspecteurs ont dû sonner à 6h45 et encore une fois à 8h10 et vous n'avez pas ouvert
cefc-coralrom-fnatla01-265	ça n' est que lorsque le beau-père votre beau-père est venu que vous avez consenti enfin à ouvrir	Vous avez accepté d'ouvrir seulement quand le beau-père de votre beau-père est venu.	c'est uniquement quand votre beau-père est venu que vous avez enfin accepté d'ouvrir	c'est seulement lorsque que votre beau-père est arrivé que vous avez accepté d'ouvrir	c'est seulement lorsque votre beau-père est venu que vous avez ouvert
cefc-coralrom-fnatla01-266	et alors il y a eu cette phrase malheureuse cette phrase qui est un poème à elle toute seule avant même que	Vous avez dit cette phrase bizarre avant que	et vous avez dit cette malheureuse phrase, qui est un poème à elle toute seule, avant même que	alors vous avez dit cette phrase malheureuse. Cette phrase qui est un poème à elle toute seule. Avant même	et à ce moment-là, vous avez dit cette phrase avant même que
cefc-coralrom-fnatla01-267	les policiers ne vous aient interrogé	les policiers ne vous interrogent	les policiers ne vous aient interrogé	que les policiers ne vous aient interrogé	les policiers ne vous posent une question
cefc-coralrom-fnatla01-268	ne vous aient dit quoi que ce soit	ne vous disent quoi que ce soit	ne vous aient dit quoi que ce soit	ils ne vous avaient encore rien dit	Vous avez dit cette phrase avant que les policiers ne vous aient parlé.
cefc-coralrom-fnatla01-269	spontanément vous avez dit je n' ai rien fait	vous avez dit je n'ai rien fait	vous avez directement dit je n'ai rien fait	vous avez dit spontanément, je n'ai rien fait	spontanément, vous avez dit je n'ai rien fait
cefc-coralrom-fnatla01-270	c' est louche	c'est louche	c'est étrange	c'est suspect	c'est suspect
cefc-coralrom-fnatla01-271	ensuite ensuite il y a ce luxe de détails au tout au long de l' enquête policière et tout au long de l' instruction	ensuite, vous avez ajouté beaucoup de détails pendant l'enquête policière et l'instruction	ensuite il y a ce luxe de détails tout au long de l'enquête policière et de l'instruction	puis il y a eu tous ces détails tout au long de l'enquête de police	ensuite, vous avez dit beaucoup de détails tout au long de notre enquête
cefc-coralrom-fnatla01-272	vous n' avez pas cessé de mentir	vous avez menti	vous n'avez fait que mentir	vous n'avez pas arrêté de mentir	vous avez très souvent menti
cefc-crfp-PUB-BAY-1-404	eh bien euh l' auditeur qui nous interrogeait	l'auditeur qui nous posait des questions	l'auditeur qui nous interrogeait	l'auditeur qui nous interrogeait	la personne nous posait des questions
cefc-crfp-PUB-BAY-1-405	parlait d' indépendance il parlait d' indépendance du Pays Basque	parlait de l'indépendance du Pays Basque	parlait d'indépendance du Pays Basque	parlait d'indépendance du Pays Basque	parlait d'indépendance du Pays Basque
cefc-crfp-PUB-BAY-1-406	eh bien lorsqu' on rapproche ces deux termes nous sommes bien en train de parler de la situation en Espagne	lorsqu'on rapproche ces deux mots, on parle de la situation en Espagne	et lorsqu'on parle de ces deux mots, on parle de la situation en Espagne	lorsque l'on utilise ces deux termes, on parle de la situation en Espagne	nous parlons effectivement de la situation en Espagne
cefc-crfp-PUB-BAY-1-407	parce que euh	parce que	parce que	parce que	parce que
cefc-crfp-PUB-BAY-1-408	indépendance du Pays Basque cela ne concerne pas le territoire de la République française	l'indépendance du Pays Basque ne concerne pas la République française	l'indépendance du Pays Basque ça ne concerne pas la France	l'indépendance du Pays Basque ne concerne pas le territoire de la République française	l'indépendance du Pays Basque, cela ne concerne pas la France
cefc-crfp-PUB-BAY-1-409	alors	alors	alors	alors	alors
cefc-crfp-PUB-BAY-1-410	s' agissant de l' affaire d' un pays voisin	pour l'affaire d'un pays voisin	c'est l'histoire d'un pays voisin	comme il s'agit de l'affaire d'un pays voisin	comme cela concerne un pays voisin
cefc-crfp-PUB-BAY-1-411	et ami	et ami	et ami	et ami	et ami
cefc-crfp-PUB-BAY-1-412	eh bien il lui appartient dans ce conflit avec les interlocuteurs du Pays Basque de bien mesurer euh l' état de la demande et les marches de progrès qui peuvent être faits dans ce sens ou pas	c'est sa responsabilité de mesurer ses revendications et les évolutions possibles dans ce conflit avec les interlocuteurs du Pays Basque	et c’est à lui de parler avec le Pays Basque pour savoir s’il y a de la demande et des possibilités de progrès pour ça	dans ce conflit avec les interlocuteurs du Pays Basque, c'est à lui de mesurer l'état de la demande et les marges progrès dans ce sens	c'est à lui de mesurer si on peut faire des progrès dans ce sens ou pas
cefc-crfp-PUB-BAY-1-413	mais s' agissant de la France	mais pour la France	mais pour la France	mais s'agissant de la France	mais en ce qui concerne la France
cefc-crfp-PUB-LIL-1-137	comment ça se passe dans un laboratoire	Comment ça se passe dans un laboratoire ?	comment ça se passe dans un laboratoire ?	comment ça se passe dans un laboratoire ?	comme ça se passe dans un laboratoire
cefc-crfp-PUB-LIL-1-138	donc on est au contact des chercheurs	On est au contact des chercheurs	on est avec les chercheurs	on est au contact des chercheurs	on est au contact des chercheurs
cefc-crfp-PUB-LIL-1-139	et puis on est également membre d' une association qui euh qui qui cherche enfin qui milite disons euh sur la problématique des sols pollués depuis un certain temps	on est aussi membre d'une association qui milite contre les sols pollués depuis longtemps	et on est aussi membre d'une association qui milite sur la problématique des sols pollués depuis un certain temps	on est aussi membre d'une association qui milite depuis longtemps sur le problème des sols pollués	on est
cefc-crfp-PUB-LIL-1-140	et euh effectivement il nous est apparu que euh ben les chercheurs euh travaillaient depuis un certain nombre d' années sur euh sur cette problématique de la dépollution des sols par les plantes euh que des associations travaillaient également	et il nous est apparu que les chercheurs travaillaient depuis plusieurs années sur cette problématique de la dépollution des sols par les plantes, tout comme des associations	et on a remarqué que les chercheurs travaillaient depuis longtemps sur cette problématique de la dépollution de sols par les plantes et que des associations travaillaient aussi là-dessus	effectivement, on a vu que les chercheurs travaillaient depuis plusieurs années sur la question de la dépollution des sols grâce aux plantes et que des associations travaillaient aussi	en effet, on a vu que les chercheurs travaillaient depuis quelques années sur le fait que les plantes aident à dépolluer les sols, et que des associations travaillaient aussi
cefc-crfp-PUB-LIL-1-141	donc euh avec une autre optique sur cette même euh sur cette même euh sur cette même question euh on sait également qu' il y a des irréductibles des industriels qui euh commercialisent déjà des des plantes qui ont déjà des des brevets déposés sur des plantes	Avec une autre optique sur cette même question, on sait aussi qu'il y a déjà des industriels qui commercialisent et ont des brevets déposés sur des plantes	avec une autre optique sur cette même question. On sait aussi qu'il y a des industriels qui commercialisent déjà des plantes et ont déjà des brevets déposés sur des plantes	on sait aussi qu'il y a des industriels qui vendent déjà des plantes et qui ont des brevets déposés sur des plantes	sur ce sujet avec une autre façon de faire. On sait aussi qu'il y a des industriels qui ont déjà des brevets déposés sur des plantes, on sait aussi qu'il y a des industriels qui vendent des plantes
cefc-crfp-PUB-LIL-1-142	donc qu' ils peuvent utiliser dans le domaine de la dépollution euh des sols contaminés par les métaux lourds	qu'ils peuvent utiliser dans le domaine de la dépollution des sols contaminés par les métaux lourds	qu'ils peuvent utiliser pour dépolluer les sols contaminés par les métaux lourds	qu'ils peuvent utiliser pour la dépollutions des sols contaminés par les métaux lourds	qu'ils peuvent utiliser pour la dépollution de sols contaminés par des métaux lourds
cefc-crfp-PUB-LIL-1-143	mais ce qu' on sait c' est que euh il y a pas de contact euh véritablement entre euh ces différents partenaires mais qu' ils sont tous préoccupés par la même chose	mais on sait que ces différents partenaires ne sont pas en contact, mais sont préoccupés par la la même chose	il n'y a pas de contact entre ces différents partenaires mais ils sont tous préoccupés par la même chose	on sait qu'il n'y a pas vraiment de contact entre ces différents partenaires, mais ils sont tous préoccupés par la même chose	mais on sait que ces chercheurs, ces industriels ne se parlent pas entre eux, mais qu'ils ont tous la même envie
cefc-crfp-PUB-LIL-1-144	et ces partenaires nous ont parus en fait complémentaires	et ces partenaires nous ont paru complémentaires	et ces partenaires nous ont parus complémentaires	mais ils semblent complémentaires	ces personnes nous ont parus complémentaires
cefc-crfp-PUB-LIL-1-145	les uns des autres	les uns des autres	les uns avec les autres	les uns avec les autres	les unes des autres
cefc-crfp-PUB-LIL-1-146	donc on sait qu' il y a il y a pas vraiment de de contact	donc on sait qu'ils n'ont pas vraiment de contact	donc on sait qu'il n'y a pas vraiment de contact	on sait qu'il n'y a pas vraiment de contact	on sait qu'ils ne se parlent pas entre eux
cefc-fleuron-V_Rint_03_P6-30	donc euh vous savez qu' il faudra qu' on prendre contact avec elle hein puisque c' est elle qui vous conseillera pour les cours à prendre	vous savez qu'il faudra prendre contact avec elle parce que c'est elle qui vous conseillera sur les cours à prendre	vous savez qu'il faudra prendre contact avec elle pour qu'elle vous conseille sur les cours à prendre	vous savez que vous devrez prendre contact avec elle, elle vous conseillera sur les cours à prendre	vous savez qu'il faudra prendre contact avec elle. C'est elle qui vous conseillera les cours à suivre.
cefc-fleuron-V_Rint_03_P6-31	mais j' attends l' internet	mais j'attends internet	j'attends l'internet	mais j'attend d'avoir l'accès à internet	mais j'attends l'internet
cefc-fleuron-V_Rint_03_P6-32	oui vous l' aurez demain parce que je vais vous allez la carte d' étudiant	oui, vous l'aurez demain parce que vous aurez votre carte étudiant	vous l'aurez demain, parce que je vais vous donner la carte d'étudiant	vous l'aurez demain, parce que je vais vous donner la carte étudiant	oui, vous aurez l'internet demain, parce que vous allez avoir la carte d'étudiant
cefc-fleuron-V_Rint_03_P6-33	vous allez l' avoir ce soir	vous l'aurez ce soir	vous allez l'avoir ce soir	vous l'aurez ce soir	ce soir
cefc-fleuron-V_Rint_03_P6-34	et puis demain vous aurez l' accès à internet	et demain, vous aurez l'accès internet	et demain vous aurez accès à l'internet	et demain vous aurez l'accès à internet	et demain vous aurez accès à internet
cefc-fleuron-V_Rint_03_P6-35	hum	hum	hum	hum	hum
cefc-fleuron-V_Rint_03_P6-36	donc vous pourrez envoyer vos messages	donc vous pourrez envoyer vos messages	donc vous pourrez envoyer vos messages	vous pourrez envoyer vos messages	donc vous pourrez envoyer messages
cefc-fleuron-V_Rint_03_P6-37	mais euh vous pouvez aussi aller au centre ville quand vous n' avez pas euh hein	mais vous pouvez aussi aller au centre ville quand vous n'avez pas internet	mais vous pouvez aussi aller au centre ville	en attendant, vous pouvez aussi aller au centre ville	vous pouvez aussi aller au centre-ville
cefc-fleuron-V_Rint_03_P6-38	il y a des cybercafés quand vous avez pas la hein si vous voulez vraiment envoyer un message	si vous voulez vraiment envoyer un message, il y a des cybercafés	il y a des cybercafés si vous voulez vraiment envoyer un message	il y a des cybercafés si vous voulez vraiment envoyer un message	il y a des cybercafés qui ont internet si vous voulez vraiment envoyer un message
cefc-fleuron-V_Rint_03_P6-39	ah bon	ah bon	ah bon	ah bon	ah bon
cefc-fleuron-V_Scol_endo_02_P5-2	bonjour euh j' ai eu des problèmes avec mon inscription via le web	bonjour, j'ai eu des problèmes avec mon inscription sur internet	bonjour, j'ai eu des problèmes avec mon inscription sur internet	bonjour, j'ai des problèmes avec mon inscription sur internet	bonjour, j'ai des problèmes avec mon inscription via le site web
cefc-fleuron-V_Scol_endo_02_P5-3	on m' a dit que je devais m' inscrire euh m' adresser ici	on m'a dit que je devais m'adresser à vous	on m'a dit que je devais m'adresser ici	on ma dit que je devais m'adresser ici	on m'a dit que je devais demander ici
cefc-fleuron-V_Scol_endo_02_P5-4	parce que visiblement je suis encore en rattrapage	parce que visiblement je suis encore en rattrapage	parce que je suis encore en rattrapage	parce que visiblement je suis encore au rattrapage	parce que c'est écrit que je suis encore en rattrappage
cefc-fleuron-V_Scol_endo_02_P5-5	oui	oui	oui	oui	oui
cefc-fleuron-V_Scol_endo_02_P5-6	de l' année précédente	de l'année précédente	de l'année passée	de l'année dernière	de l'année précédente
cefc-fleuron-V_Scol_endo_02_P5-7	il faut attendre euh vous vous êtes inscrit	il faut attendre, est-ce que vous vous êtes inscrit	il faut attendre. Vous vous êtes inscrit ?	vous vous êtes inscrit ?	vous vous êtes inscrit
cefc-fleuron-V_Scol_endo_02_P5-8	ou vous avez réussi à vous inscrire	ou est-ce que vous avez réussi à vous inscrire	ou vous avez réussi à vous inscrire ?	vous avez réussi à vous inscrire ?	ou vous avez réussi à vous inscrire
cefc-fleuron-V_Scol_endo_02_P5-9	non j' ai pas pu m' inscrire	non, je n'ai pas pu m'inscrire	non je n'ai pas pu m'inscrire	non, je n'ai pas pu m'inscrire	non, je n'ai pas réussi à m'inscrire
cefc-fleuron-V_Scol_endo_02_P5-10	d' accord	d'accord	d'accord	d'accord	d'accord
cefc-fleuron-V_Scol_endo_02_P5-11	alors le souci c' est que la session deux n' est pas finie	le problème, c'est que la session deux n'est pas finie	le problème c'est que la session deux n'est pas finie	le problème c'est que la session n'est pas finie	le problème, c'est que la session 2 n'est pas terminée
cefc-frenchoralnarrative-Bizouerne_062-3_LE_MARI_TROMPE-34	il est perplexe	il est étonné	il est perplexe	il est hésitant	il ne sait pas quoi penser
cefc-frenchoralnarrative-Bizouerne_062-3_LE_MARI_TROMPE-35	mais comme il est inexpérimenté il se dit on verra bien	comme il n'a pas d'expérience, il pense on verra bien	mais il est inexpérimenté alors il se dit on verra bien	mais comme il n'a pas d'expérience il se dit qu'il verra bien	mais comme il est inexpérimenté, il se dit qu'il verra plus tard
cefc-frenchoralnarrative-Bizouerne_062-3_LE_MARI_TROMPE-36	il y a une fête qui arrive	il y a une fête qui arrive	il y a une fête qui arrive	il y a une fête qui va commencer	il y a une fête qui arrive
cefc-frenchoralnarrative-Bizouerne_062-3_LE_MARI_TROMPE-37	il voit une femme seule avec son enfant	il voit une femme seule avec son enfant	il voit une femme seule avec son enfant	il voit une femme qui est seule avec son enfant	il voit une femme seule avec son enfant
cefc-frenchoralnarrative-Bizouerne_062-3_LE_MARI_TROMPE-38	il suit les conseils que lui a donnés son ami	il suit les conseils que son ami lui a donné	il suit les conseils de son ami	il suit les conseils que lui a donnés son ami	il suit les conseils que lui a donné son ami
cefc-frenchoralnarrative-Bizouerne_062-3_LE_MARI_TROMPE-39	la femme arrive juste devant chez elle	la femme arrive devant chez elle	la femme arrive devant chez elle	la femme arrive devant chez elle	la femme arrive devant chez elle
cefc-frenchoralnarrative-Bizouerne_062-3_LE_MARI_TROMPE-40	elle ouvre la porte	elle ouvre la porte	elle ouvre la porte	elle ouvre la porte	elle ouvre la porte
cefc-frenchoralnarrative-Bizouerne_062-3_LE_MARI_TROMPE-41	et elle invite à entrer à l' intérieur	et elle invite à entrer à l' intérieur	elle invite à entrer	et elle l'invite à entrer à l'intérieur	et elle invite à entrer à l'intérieur
cefc-frenchoralnarrative-Bizouerne_062-3_LE_MARI_TROMPE-42	et ce que ne sait pas Massoud c' est que c' est la femme d' Ahmad	Monsieur Massoud ne sait pas que c'est la femme d'Ahmad	ce que Massoud ne sait pas c'est que c'est la femme d'Ahmad	mais Massoud ne sait pas que c'est la femme d'Ahmad	et Massoud ne le sait pas, mais c'est la femme d'Ahmad
cefc-frenchoralnarrative-Bizouerne_062-3_LE_MARI_TROMPE-43	et non il le sait pas parce que il sait pas où habite son ami	non, il ne le sais pas parce qu'il ne sait pas où son ami habite	et il ne le sait pas parce qu'il ne sait pas où habite son ami	parce qu'il ne sait pas où son ami habite	il ne le sait pas parce qu'il ne sait pas où habite son ami
cefc-frenchoralnarrative-Nataf_041-3_LE_ROI_DES_CORBEAUX-7	il sentait la fraîcheur de l' air sur sa peau	il sentait la fraîcheur de l' air sur sa peau	il sentait la fraîcheur de l'air sur sa peau	il sentait la fraîcheur de l'air sur sa peau	il sentait la fraîcheur de l'air sur sa peau
cefc-frenchoralnarrative-Nataf_041-3_LE_ROI_DES_CORBEAUX-8	il entendait couler la rivière au pied de sa maison	il entendait couler la rivière en bas de sa maison	il entendait couler la rivière au pied de sa maison	il entendait couler la rivière en bas de sa maison	il entendait couler la rivière à côté de sa maison
cefc-frenchoralnarrative-Nataf_041-3_LE_ROI_DES_CORBEAUX-9	et il était là	et il était là	et il était là	il était là	et il était là
cefc-frenchoralnarrative-Nataf_041-3_LE_ROI_DES_CORBEAUX-10	quand tout à coup dans le ciel de nuit il entend comme un déchirement de l' air un battement d' ailes gigantesques et surgi du ciel de nuit	tout à coup, dans le ciel de la nuit, il entend un déchirement de l'air, un battement de grandes ailes et surgit du ciel	quand soudain, dans le ciel sombre, il entend un déchirement de l'air, un battement d'ailes gigantesques et surgi du ciel	il entend soudain comme un déchirement de l'air dans le ciel de la nuit et un battement d'ailes gigantesques	quand tout à coup, dans le ciel, il entend comme un déchirement de l'air, un battement d'ailes très grandes. Le ciel est sombre parce qu'il fait nuit et il voit apparaître
cefc-frenchoralnarrative-Nataf_041-3_LE_ROI_DES_CORBEAUX-11	il voit apparaître un oiseau grand comme un taureau noir comme la suie	il voit apparaître un oiseau grand comme un taureau noir et comme la cendre	il voit apparaître un oiseau grand comme un taureau et noir comme la suie	il voit apparaitre un oiseau aussi grand qu'un taureau et aussi noir que la suie	il voit apparaître un oiseau grand comme un taureau, et très noir
cefc-frenchoralnarrative-Nataf_041-3_LE_ROI_DES_CORBEAUX-12	et l' oiseau se pose sur le bord de la fenêtre	et l' oiseau se pose sur le bord de la fenêtre	et l'oiseau se pose sur la fenêtre	l'oiseau se pose sur le bord de la fenêtre	et l'oiseau se pose sur le bord de la fenêtre
cefc-frenchoralnarrative-Nataf_041-3_LE_ROI_DES_CORBEAUX-13	et lui dit homme vert	et lui dit homme vert	et lui dit homme vert	il lui dit homme vert	et lui dit homme vert
cefc-frenchoralnarrative-Nataf_041-3_LE_ROI_DES_CORBEAUX-14	homme vert je suis le roi des corbeaux	homme vert, je suis le roi des corbeaux	homme vert, je suis le roi des corbeaux	homme vert, je suis le roi des corbeaux	homme vert, je suis le roi des corbeaux
cefc-frenchoralnarrative-Nataf_041-3_LE_ROI_DES_CORBEAUX-15	l' homme vert répond roi des corbeaux que me veux-tu	l'homme vert répond roi des corbeaux, que me veux-tu ?	l'homme vert lui dit roi des corbeaux, que me veux-tu ?	l'homme vert répond roi des corbeaux, que veux tu ?	l'homme vert répond roi des corbeaux, que veux-tu?
cefc-frenchoralnarrative-Nataf_041-3_LE_ROI_DES_CORBEAUX-16	homme vert	homme vert	homme vert	homme vert	homme vert
cefc-ofrom-unine08a28m-148	on est un peu euh stigmatisés par les autres euh cantons	on est un peu stigmatisés par les autres cantons	on est un peu critiqué par les autres cantons	on est un peu critiqués par les habitants des autres cantons	les autres cantons nous voient mal
cefc-ofrom-unine08a28m-149	mais c' est pas grave euh	mais ce n' est pas grave	mais c'est pas grave	mais ce n'est pas grave	mais c'est pas grave
cefc-ofrom-unine08a28m-150	je le vis très bien	je le vis très bien	je le vis très bien	je le vis très bien	je le vis très bien
cefc-ofrom-unine08a28m-151	et puis euh et puis voilà en arrivant à Neuchâtel ben ça m' a permis de ben déjà de changer de de style de vie dans le sens où je suis en collocation	et arriver à Neuchâtel m'a permis de changer de style de vie, car je suis en collocation	en arrivant à Neuchâtel j'ai pu changer de style de vie. je suis en collocation maintenant	en arrivant a Neuchâtel, j'ai changé de style de vie car maintenant je suis en collocation	et en arrivant à Neuchâtel, j'ai pu changer comment je vivais. Je suis en collocation
cefc-ofrom-unine08a28m-152	donc euh c' est beaucoup plus comment dire la collocation	et la collocation, c'est beaucoup plus	et la collocation c'est beaucoup plus...	la collocation, c'est beaucoup plus	donc, c'est
cefc-ofrom-unine08a28m-153	c' est une autre expérience	c'est une autre expérience	c'est une autre expérience	c'est une expérience différente	différent
cefc-ofrom-unine08a28m-154	donc euh je suis beaucoup plus libre	donc je suis beaucoup plus libre	je suis beaucoup plus libre	je suis beaucoup plus libre	je suis beaucoup plus libre
cefc-ofrom-unine08a28m-155	je peux aménager mon temps comme je veux et caetera	je peux aménager mon temps comme je veux, etc.	je peux faire ce que je veux quand je veux et caetera	je peux organiser mon temps comme je veux	je peux organiser mon temps comme je veux
cefc-ofrom-unine08a28m-156	euh et puis j' apprends aussi à cohabiter euh	et j'apprends aussi à cohabiter	et j'apprends à vivre avec d'autres gens aussi	et j'apprend à vivre avec d'autres personnes	j'apprends à vivre avec d'autres personnes
cefc-ofrom-unine08a28m-157	ce qui est pas enfin ce qui peux être un outil pour plus tard	ce qui peut être utile pour plus tard	ce qui peut être utile pour plus tard	c'est quelque chose d'utile pour plus tard	ce qui peut être utile pour plus tard
cefc-ofrom-unine09a06m-17	c' est la bataille la plus célèbre	c' est la bataille la plus célèbre	c'est la bataille la plus célèbre	c'est la bataille la plus célèbre	Waterloo, c'est la bataille la plus connue
cefc-ofrom-unine09a06m-18	euh Waterloo voilà j' étais sur la plaine de Waterloo sommet du de la butte hein parce qu' il y a une butte à Waterloo	j'étais sur la plaine de Waterloo, au sommet de la butte	Waterloo. j'étais sur la plaine de Waterloo, au sommet de la butte.	j'étais au sommet du monument sur la plaine de Waterloo	j'étais au sommet de la petite colline de Waterloo
cefc-ofrom-unine09a06m-19	donc mon natel sonne je réponds	mon téléphone sonne et je réponds	mon téléphone a sonné, j'ai répondu	mon téléphone portable sonne et je réponds	mon téléphone portable sonne. Je réponds.
cefc-ofrom-unine09a06m-20	et c' était le rédacteur en chef de #	c'était le rédacteur en chef de #	et c'était le rédacteur en chef de #	c'était le rédacteur en chef de #	C'était le rédacteur en chef de #
cefc-ofrom-unine09a06m-21	donc j' étais un petit peu mal à l' aise parce qu' il y avait du vent	j'étais un petit peu mal à l'aise parce qu'il y avait du vent	j'étais un petit peu gêné parce qu'il y avait du vent	j'étais un peu embêté parce qu'il y avait du vent	j'étais pas très bien, parce qu'il y avait du vent
cefc-ofrom-unine09a06m-22	j' entendais j' entendais rien	j'entendais rien	j'entendais rien	je n'entendais rien	je n'entendais rien.
cefc-ofrom-unine09a06m-23	mais j' ai	mais j'ai	mais j'ai	mais j'ai	mais j'ai
cefc-ofrom-unine09a06m-24	quand même compris qu' il voulait me voir pour un entretien	quand même compris qu'il voulait me voir pour un entretien	quand même compris qu'il voulait me voir pour un rendez-vous	j'ai quand même compris qu'il voulais me voir pour un entretien	compris qu'il voulait me voir pour un entretien
cefc-ofrom-unine09a06m-25	donc j' ai essayé de me débarrasser de lui assez rapidement parce qu' en plus de ça j' avais plus de batterie à mon natel	donc j'ai essayé de me débarrasser de lui assez rapidement parce que je n'avais plus de batterie sur mon téléphone	j'ai essayé de raccrocher rapidement parce que je n'avais plus de batterie	j'ai essayé de terminer la conversation rapidement parce que je n'avais plus de batterie sur mon téléphone	donc j'ai essayé de me débarrasser de lui rapidement, parce qu'en plus, mon téléphone n'avait plus de batterie
cefc-ofrom-unine09a06m-26	donc ça la faisait pas tellement	donc c'était une situation compliquée	ce n'était pas idéal	ce n'était pas très poli	donc c'était compliqué
cefc-reunions-de-travail-OF1_ReunionGroupement2_5mars08-64	et euh la réponse qui nous avait été formulée c' était que on on s' était positionné sur tout	et on nous a répondu qu'on s' était positionné sur tout	et on nous a répondu qu'on s'était positionné sur tout	la réponse qu'on nous a donné, c'est qu'on s'était positionnés sur tout	la réponse qu'on avait reçue, c'était qu'on avait donné notre avis sur tout
cefc-reunions-de-travail-OF1_ReunionGroupement2_5mars08-65	et donc euh le reproche qui nous avait été fait c' était de s' être positionné sur tous les lots	donc le reproche qu'on nous faisait, c'était de s'être positionné sur tous les lots	et le reproche qu'on nous a fait c'était de s'être positionné sur tous les lots	on nous avait fait le reproche de nous être positionnés sur tous les lots	le reproche qui nous avait été fait, c'était de s'être positionné sur tous les lots
cefc-reunions-de-travail-OF1_ReunionGroupement2_5mars08-66	donc du coup bon aujourd' hui bizarre comme réponse	c'est une réponse bizarre, aujourd'hui	donc c'est bizarre comme réponse	c'est bizarre comme réponse aujourd'hui	donc cette réponse est bizarre
cefc-reunions-de-travail-OF1_ReunionGroupement2_5mars08-67	oh c' était une partie de la réponse	c'était une partie de la réponse	ce n''était pas toute la réponse	c'était une partie de la réponse	c'était une partie de la réponse
cefc-reunions-de-travail-OF1_ReunionGroupement2_5mars08-68	était pas c' était pas l' unique raison qui fait qu' on n' a pas été retenu	ce n'était pas la seule raison pour laquelle ils ne nous ont pas retenus	ce n'est pas la seule raison pour laquelle on n'a pas été pris	ce n'était pas la seule raison pour laquelle nous n'avons pas été retenu	ce n'était pas la seule raison. On n'a pas été retenu pour d'autres raisons aussi.
cefc-reunions-de-travail-OF1_ReunionGroupement2_5mars08-69	mais euh c' est des éléments dont ils dont ils tiennent compte	mais ce sont les éléments dont ils tiennent compte	mais c'est des éléments qu'ils prennent en compte	ce sont les éléments dont ils tiennent compte	mais ils tiennent compte de ces éléments
cefc-reunions-de-travail-OF1_ReunionGroupement2_5mars08-70	à priori ça amène pas de pour eux	a priori, ça n'amène pas de pour eux	a priori c'est pas bien pour eux	à priori ça n'amène rien pour eux	à priori, ce n'est pas positif pour eux
cefc-reunions-de-travail-OF1_ReunionGroupement2_5mars08-71	c' est le fait de se positionner sur tout euh	c'est le fait de se positionner sur tout	de se positionner sur tout	c'est le fait de se positionner sur tout	c'est le fait de se positionner sur tout
cefc-reunions-de-travail-OF1_ReunionGroupement2_5mars08-72	c' est il y a pas de s particularité soulevé ou un apport spécifique pour	c'est qu'il n'y a pas de particularité soulevée ou d'apport spécifique pour	il n'y a pas de particularités ou d'apport spécifique pour	il n'y a pas de particularités ou un apport spécifique	il n'y a rien de particulier soulevé pour
cefc-reunions-de-travail-OF1_ReunionGroupement2_5mars08-73	tel ou tel géographique	tel ou tel géographique	tel ou tel endroit	géographique	un géographique en particulier
cefc-reunions-de-travail-OF1_ReunionLocationVoiture_10mars08-341	qu' est-ce qu' on appelle enfin qu' est-ce que vous mettez dedans dans la maintenance dans l' entretien	qu'est-ce que vous mettez dans la maintenance, dans l'entretien ?	dans l'entretien, c'est quoi la maintenance?	qu'est-ce qui est inclus dans la maintenance et l'entretien ?	qu'est-ce que vous mettez dans la catégorie maintenance, c'est-à-dire qui permet de garder une voiture dans un bon état ?
cefc-reunions-de-travail-OF1_ReunionLocationVoiture_10mars08-342	quoi alors la maintenance voilà ça ça inclut tout sauf les pneumatiques c' est-à-dire que	la maintenance inclut tout sauf les pneumatiques, c'est-à-dire que	la maintenance ça inclut tout sauf les pneus	la maintenance inclut tout sauf les pneus	la maintenance, ça inclut tout sauf les pneumatiques
cefc-reunions-de-travail-OF1_ReunionLocationVoiture_10mars08-343	ça peut être un appoint un appoint d' huile	ça peut être un appoint d'huile	ça peut être un ajout d'huile	par exemple ajouter de l'huile	ça peut être un appoint d'huile
cefc-reunions-de-travail-OF1_ReunionLocationVoiture_10mars08-344	ça peut être les balais d' essuie-glace par exemple	ça peut être les balais d'essuie-glace par exemple	ou les balais d'essuie-glace	ou remplacer les balais d'essuie-glace	les balais d'essuie-glace
cefc-reunions-de-travail-OF1_ReunionLocationVoiture_10mars08-345	une ampoule	une ampoule	une ampoule	une ampoule	une ampoule
cefc-reunions-de-travail-OF1_ReunionLocationVoiture_10mars08-346	tout sauf pneumatique	tout sauf pneumatique	tout sauf les pneus	tout, sauf les pneus	tout, sauf le pneumatique
cefc-reunions-de-travail-OF1_ReunionLocationVoiture_10mars08-347	tout sauf pneu hein les révisions évidemment on préconise les constructeurs	tout sauf pneu, pour les révisions, on préconise les constructeurs	tout sauf les pneus et pour les révisions on conseille les constructeurs	tout sauf les pneus, pour les révisions, on recommande les constructeurs	tout, sauf les pneu. Les révisions, on recommande les constructeurs.
cefc-reunions-de-travail-OF1_ReunionLocationVoiture_10mars08-348	c' est intégré dedans euh plaquettes de freins disques de frein avec embrayage aussi bien	les plaquettes de freins et les disques de frein avec embrayage sont aussi intégrés dedans	les plaquette de freins, disques de frein et embrayage aussi c'est compris dedans	les plaquettes, les disques de freins et l'embrayage sont compris	c'est intégré dedans, les plaquettes de freins disques, de frein avec embrayage
cefc-reunions-de-travail-OF1_ReunionLocationVoiture_10mars08-349	et dans ce cadre là le véhicule est également garanti toute la durée	dans ce cadre, le véhicule est également garanti toute la durée	et le véhicule est garanti tout la durée	et le véhicule est garanti toute la durée	dans ce cadre-là, la voiture a une garantie toute la durée
cefc-reunions-de-travail-OF1_ReunionLocationVoiture_10mars08-350	donc du financement c' est-à-dire trois ans à 75 voilà votre véhicule en prenant l' entretien	du financement, c'est-à-dire 75 ans pour votre véhicule en prenant l'entretien	du financement, donc 3 ans à 75 en prenant l'entretien	du financement, c'est-à-dire trois ans	du financement, c'est-à-dire trois ans à 75. Si vous prenez l'entretien.
cefc-tcof-Assemblee_mau_08-69	je suis complètement anti-bloqueurs	je suis complètement anti-bloqueurs	je suis complètement contre les bloqueurs	je suis totalement contre les blocages	je suis complètement anti-bloqueurs.
cefc-tcof-Assemblee_mau_08-70	je ne suis pas syndiqué	je ne suis pas syndiqué	je ne fait pas partie d'un syndicat	je ne fait partie d'aucun syndicat	je ne suis pas dans un syndicat
cefc-tcof-Assemblee_mau_08-71	je ne suis pour aucun parti politique dans cette discussion	je ne suis pour aucun parti politique dans cette discussion	je ne suis pour aucun parti politique dans cette discussion	je ne suis pour aucun parti politique dans cette discussion	je ne suis pour aucun parti politique dans cette discussion
cefc-tcof-Assemblee_mau_08-72	alors je vais vous parler de la situation actuelle évidemment la situation actuelle	alors je vais vous parler de la situation actuelle	je vais vous parler de la situation actuelle	alors je vais vous parler de la situation actuelle	je vais vous parler de la situation actuelle
cefc-tcof-Assemblee_mau_08-73	qu' est-ce que c' est c' est euh une A G encore qui risque d' être un petit peu stérile	qu'est-ce qu'une assemblée générale, qui risque d' être un petit peu stérile	c'est une assemblée générale qui risque d'être un peu inutile	c'est une assemblée générale qui ne va sûrement mener à rien	cette réunion générale risque d'être un petit peu stérile
cefc-tcof-Assemblee_mau_08-74	et puis euh qui risque de ne servir	et qui risque de ne servir	et qui risque de ne servir	qui risque de ne servir	et risque de ne servir à rien
cefc-tcof-Assemblee_mau_08-75	a rien euh suite à un vote qui a été organisé	à rien suite à un vote qui a été organisé	à rien après un vote qui a été organisé	à rien, un vote a été organisé	un vote a été organisé, et après
cefc-tcof-Assemblee_mau_08-76	suite	suite	après	suite	suite
cefc-tcof-Assemblee_mau_08-77	à un vote qui a été organisé	à un vote qui a été organisé	un vote qui a été organisé	au vote qui a été organisé	à un vote qui a été organisé
cefc-tcof-Assemblee_mau_08-78	alors par la présidence certes s' il vous plaît laissez moi parler hein vous nous demandez de venir parler	alors par la présidence, s' il vous plaît laissez-moi parler, vous nous demandez de venir parler	par la présidence. S'il vous plait, laissez moi parler ! Vous nous demandez de venir parler	par la présidence. S'il vous plait laissez moi parler, c'est ce que vous me demandez de venir faire	laissez-moi parler
cefc-tcof-Guid_lin_sd-103	très vite il va abandonner ce style	il va abandonner ce style très vite	il va très vite abandonner ce style	il va très vite abandonner ce style	il va abandonner ce style très rapidement
cefc-tcof-Guid_lin_sd-104	et va trouver sa propre voie	et va trouver sa propre voie	et va trouver le sien	il va trouver sa propre voie	et il va trouver son propre style
cefc-tcof-Guid_lin_sd-105	vous avez de ce côté -là un ensemble de bureau nénuphar	de ce côté -là, il y a un ensemble de bureau nénuphar	de ce côté, il y a un bureau nénuphar	ici vous avez un ensemble de bureau nénuphar	vous avez ici un bureau et les meubles qui l'accompagnent
cefc-tcof-Guid_lin_sd-106	alors vous vous approchez un petit peu si vous voulez	alors, vous vous approchez un petit peu si vous voulez	vous pouvez vous approcher si vous voulez	vous pouvez vous approcher	approchez-vous
cefc-tcof-Guid_lin_sd-107	donc	donc	donc	donc	donc
cefc-tcof-Guid_lin_sd-108	cet ensemble de bureau composé de la table tripode du fauteuil du bureau du meuble bibliothèque et du meuble classeur qui est à votre droite	cet ensemble de bureau composé de la table à trois pieds, du fauteuil, du bureau, de la bibliothèque et, à votre droite, du meuble classeur	le bureau a une table a trois pieds, un fauteuil, un meuble bibliothèque et un meuble classeur. Il est sur votre droite.	cet ensemble de bureau est composé d'une table à trois pieds, d'un fauteuil de bureau, d'un meuble bibliothèque et d'un meuble pour classeurs à droite	cet ensemble de bureau est composé d'une table, du fauteuil, du bureau, de la bibliothèque, du meuble qui est à votre droite
cefc-tcof-Guid_lin_sd-109	tout ça fait partie d' un même ensemble	tout ça fait partie d' un même ensemble	c'est tout ensemble	tout fait partie du même ensemble	Cela fait partie d'un ensemble.
cefc-tcof-Guid_lin_sd-110	donc on retrouve à chaque fois	donc on retrouve à chaque fois	on a à chaque fois	on retrouve à chaque fois	on retrouve à chaque fois
cefc-tcof-Guid_lin_sd-111	le même motif décoratif	le même motif décoratif	la même décoration	les mêmes décorations	la même décoration
cefc-tcof-Guid_lin_sd-112	si on regarde ensemble la table tripode qui est ici devant moi	si on regarde ensemble la table à trois pieds, qui est ici devant moi	on peut regarder ensemble la table à trois pieds qui est ici devant moi	si on regarde ensemble la table à trois pieds qui est devant moi	regardez cette table
cefc-tufs-12_JG_AI_100224-1368	mais c' est dommage qu' on doive le faire venir du Japon	mais c' est dommage qu' on doive le faire venir du Japon	c'est dommage de devoir le faire venir du Japon	c'est dommage de devoir le faire venir du Japon	c'est dommage qu'on doive le faire venir du Japon
cefc-tufs-12_JG_AI_100224-1369	parce que je suis sûre que si on était rentré dans China Town on en aurait trouvé	parce que je suis sûre que si on était rentré dans China Town on en aurait trouvé	je suis sûre que si on était allé à China Town on en aurait trouvé	je suis sûre que si on était rentré dans China Town on en aurait trouvé	Je pense que dans le quartier chinois on aurait pu le trouver
cefc-tufs-12_JG_AI_100224-1370	oui c' est sûr peut-être	oui c' est sûr, peut-être	oui c'est sûr, peut-être	c'est sûr	oui, peut-être
cefc-tufs-12_JG_AI_100224-1371	si tu avais bien voulu rentrer	si tu avais bien voulu rentrer	si tu avais accepté d'entrer	si tu avais accepté d'entrer	si tu avais accepté de rentrer
cefc-tufs-12_JG_AI_100224-1372	mais euh moi ce que je trouve bizarre c' est que il y a beaucoup beaucoup de gens à Marseille qui aiment les mangas tout ça parce que il y avait il y avait beaucoup de monde à la Japan Expo mais pourquoi il y a	mais, ce que je trouve bizarre, c'est qu'il y a beaucoup de gens à Marseille qui aiment les mangas parce qu'il y avait beaucoup de monde à la Japan Expo mais pourquoi y a-t-il	Il y a vraiment beaucoup de gens à Marseille qui aiment les mangas parce qu'il y avait beaucoup de monde à la Japan Expo, mais ce que je ne comprends pas c'est pourquoi il y a	ce que je trouve bizarre à Marseille, c'est qu'il y a beaucoup de gens qui aiment les mangas, par exemple il y avait beaucoup de monde à la Japan Expo, mais il y a	je trouve quelque chose bizarre. Il y a beaucoup de gens à Marseille qui aiment les manga. Et il y avait beaucoup de gens à la Japan Expo. Alors pourquoi il y a
cefc-tufs-12_JG_AI_100224-1373	si	si	aussi	très	si
cefc-tufs-12_JG_AI_100224-1374	peu de magasins japonais euh à même en	peu de magasins japonais	peu de magasin japonais, même en	peu de magasins japonais en	peu de magasins japonais
cefc-tufs-12_JG_AI_100224-1375	France mh ouh ben	en France	France	France	même en français
cefc-tufs-12_JG_AI_100224-1376	ça c' est parce que c' est comme ça	parce que	c'est comme ça	c'est comme ça	c'est comme ça
cefc-tufs-12_JG_AI_100224-1377	mh il y aurait beaucoup de de ventes	il y aurait beaucoup de ventes	il y aurait beaucoup de ventes	les ventes seraient très bonnes	il y aurait beaucoup de ventes
cefc-tufs-13_AB_RL_100224-1176	pas auto-entrepreneurs du style il lance sa propre entreprise	pas auto-entrepreneurs du style, il lance sa propre entreprise	pas auto-entrepreneurs dans le style je lance ma propre entreprise	pas auto-entrepreneur dans le sens de lancer sa propre entreprise	pas un auto-entrepreneur qui lance son entreprise
cefc-tufs-13_AB_RL_100224-1177	mais sur un truc qui qui n' existe qui n' existait pas à l' époque	mais sur quelque chose n' existait pas à l' époque	mais quelque chose qui n'existait pas à l'époque	mais dans quelque chose qui n'existait pas à l'époque	mais sur quelque chose qui n'existait pas à cette époque
cefc-tufs-13_AB_RL_100224-1178	on en parle maintenant	on en parle maintenant	on en parle aujourd'hui	on en parle maintenant	Aujourd'hui, on en parle
cefc-tufs-13_AB_RL_100224-1179	c' est c' est pas banal	c'est pas banal	c'est pas rien	ce n'est pas banal	ce n'est pas banal
cefc-tufs-13_AB_RL_100224-1180	mais voilà	mais voilà	mais voilà	voilà	mais voilà
cefc-tufs-13_AB_RL_100224-1181	mais à l' époque c' était énorme les panneaux solaires tu vois genre	à l' époque, c'était nouveau les panneaux solaires, tu vois	à l'époque c'était révolutionnaire les panneaux solaires	à l'époque, c'était très important les panneaux solaires	A l'époque, les panneaux solaires, c'était incroyable
cefc-tufs-13_AB_RL_100224-1182	ils l' ont montré vite fait le gars il s' est lancé dans les panneaux solaires	ils l' ont montré vite fait et le gars s' est lancé dans les panneaux solaires	ils l'ont montré rapidement, le garçon c'est lancé dans les panneaux solaires	ils ont montré cet homme, il s'est lancé dans le domaine de panneaux solaires	Il a construit une entreprise pour vendre des panneaux  qui font de l'électricité avec la lumière du soleil
cefc-tufs-13_AB_RL_100224-1183	et depuis ils sont deux deux jeunes ils ont quoi vingt-six ans	et depuis, ils sont deux jeunes de vingt-six ans	et ils ont eu deux enfants qui ont environ 26 ans maintenant	maintenant, ils sont deux jeunes, ils ont vingt-six ans	et puis ils sont jeunes, ils ont environ 26 ans.
cefc-tufs-13_AB_RL_100224-1184	ils sont hyper riches	ils sont très riches	ils sont très riches	ils sont très riches	ils sont très riches
cefc-tufs-13_AB_RL_100224-1185	ben	ben	ben	ben	ben
cefc-valibel-acaDM1r-25	mais étouffent malheureusement aussi beaucoup de jeunes collègues	mais étouffent malheureusement aussi beaucoup de jeunes collègues	mais étouffent malheureusement aussi beaucoup de jeunes collègues	c'est difficile pour beaucoup de jeunes collègues	mais étouffent malheureusement aussi beaucoup de jeunes collègues
cefc-valibel-acaDM1r-26	sont toutefois inévitables du moins jusqu' à un certain point	sont toutefois inévitables, du moins jusqu'à un certain point	c'est inévitable jusqu'à un certain point	mais c'est évitable dans une certaine mesure	c'est difficile de les éviter
cefc-valibel-acaDM1r-27	le contexte est ainsi décrit un problème crucial	le contexte est ainsi décrit. Un problème crucial	voilà le contexte.  Un problème crucial	le contexte est décrit ainsi. Le gros problème	le contexte est un problème crucial.
cefc-valibel-acaDM1r-28	est aujourd' hui de conserver à cette carrière académique une attractivité suffisante les difficultés de recrutement que nous rencontrons régulièrement	est aujourd'hui que cette carrière académique reste attractive. Les difficultés de recrutement que nous avons régulièrement	aujourd'hui c'est de conserver un intérêt suffisant pour cette carrière académique. Les difficultés de recrutement que nous rencontrons souvent	c'est de conserver l'attractivité de la carrière académique. Nous rencontrons régulièrement des difficultés pour recruter.	le problème, c'est qu'il faut que les gens aient encore envie de travailler dans le monde académique
cefc-valibel-acaDM1r-29	sont une manifestation visible	sont une preuve visible.	sont une preuve	c'est un signe visible	c'est difficile de recruter des personnes, et c'est la preuve que
cefc-valibel-acaDM1r-30	ce malaise concerne la communauté française dans sa totalité	Ce malaise concerne la communauté française dans sa totalité	Ce malaise concerne toute la communauté française	le problème concerne toute la communauté française	ce malaise concerne la communauté française dans sa totalité
cefc-valibel-acaDM1r-31	et ce sont donc clairement la force et la renommée internationale de toutes nos institutions universitaires qui sont en jeu le statut social du professeur d' université considéré jadis comme prestigieux	et ce sont donc clairement la force et la renommée internationale de toutes nos institutions universitaires qui sont en jeu. Le statut social du professeur d' université, qui était considéré comme prestigieux dans le passé	et c'est donc la force et la renommée internationale de nos universités qui sont en jeu. Le statut social du professeur d'université était considéré comme prestigieux	la force et la renommée internationale de toutes nos université sont en jeu. Avant, le statut social du professeur d'université était prestigieux	la force et la renommée internationale de nos universités dépendent de ce que nous faisons. Le professeur d'université était  considéré comme prestigieux avant
cefc-valibel-acaDM1r-32	l' est de moins en moins son statut pécunier tout en étant correct n' est en relation ni avec le haut degré de compétence et de disponibilité exigé ni avec les énormes responsabilités du métier	l' est de moins en moins. Son statut économique est suffisant mais n'est pas en lien avec ses compétences  ni avec sa disponibilité ni avec ses énormes responsabilités	mais l'est de moins en moins. Son salaire reste correct, mais n'est pas en accord avec le haut degré de compétence et de disponibilité exigé, ni avec les énormes responsabilités de ce métier.	mais il l'est de moins en moins. Son salaire est correct, mais il ne correspond pas à son haut niveau de compétence et à ses importantes responsabilités	et maintenant, il est de moins en moins considéré comme prestigieux. Son salaire est correct, mais n'est pas suffisant si on prend en compte les compétences qu'il doit avoir pour travailler. Le salaire est aussi trop bas par rapport au temps de travail qu'on lui demande de travailler. Le salaire est aussi trop bas par rapport aux responsabilités qu'il a.
cefc-valibel-acaDM1r-33	mais les académiques manifestent une certaine pudeur à en parler le corps académique	mais les académiques n'osent pas en parler. Le corps académique	les académiques manifestent une certaine pudeur à en parler. le corps académique	mais les académiques ne veulent pas trop en parler, le corps académique	mais les personnes qui travaillent à l'universités ont du mal à parler de ça. Le corps académique
cefc-valibel-acaDM1r-34	a décidé de faire du dossier des incitants à la carrière académique	a décidé d'utiliser ce dossier pour rendre la carrière académique attractive.	a décidé de faire du dossier une motivation à la carrière académique	a décidé de faire un dossier pour promouvoir la carrière académique	a décidé de faire du dossier des incitants à la carrière académique
cefc-valibel-styHC1r-20	alors cette salle elle a été conçue spécialement pour ce qu' on appelle la muséologie du dialogue	Cette salle a été conçue spécialement pour la muséologie du dialogue	cette salle a été conçue spécialement pour la muséologie du dialogue	cette salle est spécialement faite pour ce que l'on appelle la muséologie du dialogue	Cette salle a été faite spécialement pour l'étude du musée du dialogue
cefc-valibel-styHC1r-21	c' est euh une un choix muséologique fait par le musée de Louvain-la-Neuve qui est aujourd'#hui adopté par d' autres musées	c'est un choix muséologique fait par le musée de Louvain-la-Neuve, qui est aujourd'hui utilisé par d'autres musées	c'est un choix fait par le musée de Louvain-la-Neuve et qui est aujourd'hui aussi fait dans d'autres musées	c'est un choix fait par le musée de Louvain-la-Neuve, qui est maintenant aussi fait par d'autres musées	ce choix a été fait par le musée de Louvain-la-Neuve. D'autres musées ont aussi fait ce choix.
cefc-valibel-styHC1r-22	mais c' est vraiment Louvain-la-Neuve qui a été euh pionnier dans ce domaine	mais c' est vraiment Louvain-la-Neuve qui a été le premier dans ce domaine	mais c'est vraiment Louvain-la-Neuve qui a commencé dans ce domaine	mais c'est vraiment le musée de Louvain-la-Neuve qui a été le premier dans ce domaine	Mais le musée de Louvain-la-Neuve a été le premier à faire ce choix.
cefc-valibel-styHC1r-23	c'#est-à-dire#que les oeuvres ne sont plus classées par thématique en#tout#cas plus uniquement ou chronologie ou euh géographie ou d même technique et ainsi#de#suite	c'est-à-dire que les œuvres ne sont plus classées par thématique, chronologie, géographie ou technique, etc.	les oeuvres ne sont plus classées uniquement par thématique, chronologie, géographie ou technique	les œuvres ne sont plus seulement classées par thème, par ordre chronologique, par situation géographique ou par technique	Ce choix, c'est que les oeuvres ne sont plus classées par thèmes, par ordre de création ou pas lieu de création ou par technique.
cefc-valibel-styHC1r-24	mais euh on les on les place de manière plutôt à effectuer un dialogue entre les formes	mais qu'on les place de manière à avoir un échange entre différentes formes	mais elles sont placées pour créer un dialogue entre les formes	mais on les place plutôt pour permettre un dialogue entre les formes	On place plutôt les oeuvres dans un ordre qui permet qu'elles dialogues entre elles.
cefc-valibel-styHC1r-25	euh ça peut être le thème aussi également	ça peut être aussi le thème	ça peut aussi être le thème	ça peut aussi être le thème	ça peut être le thème aussi.
cefc-valibel-styHC1r-26	mais en tous cas il y a vraiment une richesse puisqu' on ne se limite pas à euh hum un seul point commun entre les oeuvres	en tout cas, il y a vraiment une richesse puisqu'on ne se limite pas à un seul point commun entre les œuvres	c'est vraiment une richesse parce qu'on ne se limite pas à un seul point commun entre les oeuvres	mais il y a vraiment une richesse, car on ne se limite plus à un seul point commun entre les œuvres	C'est intéressant parce qu'il n'y a pas qu'un seul point commun entre les oeuvres. Il y en a plusieurs.
cefc-valibel-styHC1r-27	donc par exemple euh si on se tourne ici on on a deux oeuvres qui dialoguent par leurs formes	donc, par exemple, si on se tourne ici, il y a deux œuvres qui dialoguent par leurs formes	par exemple ici il y a deux oeuvres qui dialoguent par leurs formes	par exemple, si on regarde ici, il y a deux œuvres qui communiquent par leurs formes	Par exemple, ici, on a deux oeuvres qui dialoguent par leurs formes
cefc-valibel-styHC1r-28	euh c' est assez clair	c'est assez clair	c'est plutôt clair	c'est assez clair	c'est assez clair
cefc-valibel-styHC1r-29	donc on a un tambour euh océanien en bois euh qui est plutôt de l' art euh on va dire euh primitif avec des guillemets euh et à côté une oeuvre plus contemporaine	donc il y a un tambour océanien en bois, qui est plutôt de l' art primitif et à côté une œuvre plus contemporaine	on a un tambour océanien en bois, qui est plutôt de l'art primitif et à côté une oeuvre plus récente	il y a un tambour océanien, qui est une œuvre plutôt primitive à côté d'une œuvre plus contemporaine	On a un tambour de la région de l'Océanie qui est de l'art primitif. Et à côté, on a une oeuvre beaucoup plus récente, qui date de notre époque.